confirmation,permission,policy,section,sensitive_value,setting,tool,type,write
required,reservation:cancel,取消当前用户自己的预约；必须经过用户确认,tool,,,cancel_reservation,,true
not required,device:read,查询当前学院设备在自然日期上的可用性,tool,,,check_availability,,false
required,reservation:create,创建预约；只能先生成预览，必须经过用户确认,tool,,,create_reservation,,true
not required,reservation:read:own,查询当前用户自己的预约,tool,,,my_reservations,,false
not required,device:read,基于当前学院可见设备、用户偏好和近期热度生成可解释推荐,tool,,,recommend_devices,,false
not required,device:read,查询当前用户所属学院可见的设备,tool,,,search_devices,,false
required,repair:create,提交设备报修；必须经过用户确认,tool,,,submit_repair,,true
,,,setting,value omitted,access_cookie_name,,<class 'str'>,
,,,setting,never exported,access_token_minutes,,<class 'int'>,
,,,setting,value omitted,ai_allowed_base_urls,,list[str],
,,,setting,value omitted,ai_allowed_models,,list[str],
,,,setting,never exported,ai_api_key,,str | None,
,,,setting,value omitted,ai_base_url,,<class 'str'>,
,,,setting,never exported,ai_college_daily_token_cap,,<class 'int'>,
,,,setting,value omitted,ai_confirmation_ttl_minutes,,<class 'int'>,
,,,setting,never exported,ai_daily_reservation_tokens,,<class 'int'>,
,,,setting,never exported,ai_embedding_api_key,,str | None,
,,,setting,value omitted,ai_embedding_base_url,,<class 'str'>,
,,,setting,value omitted,ai_embedding_dimension,,<class 'int'>,
,,,setting,value omitted,ai_embedding_model,,<class 'str'>,
,,,setting,value omitted,ai_embedding_provider,,<class 'str'>,
,,,setting,never exported,ai_global_daily_token_cap,,<class 'int'>,
,,,setting,value omitted,ai_knowledge_build_dispatch_recovery_seconds,,<class 'int'>,
,,,setting,value omitted,ai_knowledge_build_embed_batch_size,,<class 'int'>,
,,,setting,value omitted,ai_knowledge_build_lease_seconds,,<class 'int'>,
,,,setting,value omitted,ai_knowledge_build_max_redeliveries,,<class 'int'>,
,,,setting,value omitted,ai_knowledge_build_reconcile_interval_seconds,,<class 'int'>,
,,,setting,value omitted,ai_knowledge_college_storage_bytes,,<class 'int'>,
,,,setting,value omitted,ai_knowledge_global_storage_bytes,,<class 'int'>,
,,,setting,value omitted,ai_max_context_documents,,<class 'int'>,
,,,setting,value omitted,ai_max_input_chars,,<class 'int'>,
,,,setting,never exported,ai_max_output_tokens,,<class 'int'>,
,,,setting,value omitted,ai_message_retention_days,,<class 'int'>,
,,,setting,never exported,ai_mineru_api_key,,str | None,
,,,setting,value omitted,ai_mineru_base_url,,<class 'str'>,
,,,setting,value omitted,ai_mineru_model,,<class 'str'>,
,,,setting,value omitted,ai_model,,<class 'str'>,
,,,setting,value omitted,ai_provider,,<class 'str'>,
,,,setting,value omitted,ai_provider_timeout_seconds,,<class 'float'>,
,,,setting,value omitted,ai_qdrant_collection,,<class 'str'>,
,,,setting,value omitted,ai_qdrant_timeout_seconds,,<class 'int'>,
,,,setting,value omitted,ai_rag_query_concurrency,,<class 'int'>,
,,,setting,value omitted,ai_reranker_model,,<class 'str'>,
,,,setting,value omitted,ai_run_event_heartbeat_seconds,,<class 'float'>,
,,,setting,value omitted,ai_run_event_poll_seconds,,<class 'float'>,
,,,setting,value omitted,ai_upload_max_bytes,,<class 'int'>,
,,,setting,never exported,ai_user_daily_token_cap,,<class 'int'>,
,,,setting,value omitted,api_prefix,,<class 'str'>,
,,,setting,value omitted,api_version,,<class 'str'>,
,,,setting,value omitted,app_name,,<class 'str'>,
,,,setting,never exported,bootstrap_admin_password,,str | None,
,,,setting,value omitted,bootstrap_admin_username,,<class 'str'>,
,,,setting,value omitted,cache_default_ttl_seconds,,<class 'int'>,
,,,setting,value omitted,cache_hot_key_lock_seconds,,<class 'int'>,
,,,setting,value omitted,cache_hot_key_wait_seconds,,<class 'float'>,
,,,setting,value omitted,cache_negative_ttl_seconds,,<class 'int'>,
,,,setting,value omitted,cache_ttl_jitter_seconds,,<class 'int'>,
,,,setting,value omitted,celery_broker_url,,<class 'str'>,
,,,setting,value omitted,celery_task_soft_time_limit_seconds,,<class 'int'>,
,,,setting,value omitted,celery_task_time_limit_seconds,,<class 'int'>,
,,,setting,value omitted,celery_visibility_timeout_seconds,,<class 'int'>,
,,,setting,value omitted,celery_worker_concurrency,,<class 'int'>,
,,,setting,value omitted,cookie_domain,,str | None,
,,,setting,value omitted,cookie_secure,,<class 'bool'>,
,,,setting,value omitted,cors_origins,,list[str],
,,,setting,value omitted,credit_block_days,,<class 'int'>,
,,,setting,value omitted,credit_block_threshold,,<class 'int'>,
,,,setting,value omitted,csrf_cookie_name,,<class 'str'>,
,,,setting,value omitted,db_max_overflow,,<class 'int'>,
,,,setting,value omitted,db_pool_recycle_seconds,,<class 'int'>,
,,,setting,value omitted,db_pool_size,,<class 'int'>,
,,,setting,value omitted,db_pool_timeout_seconds,,<class 'int'>,
,,,setting,value omitted,debug,,<class 'bool'>,
,,,setting,value omitted,enable_workers,,<class 'bool'>,
,,,setting,value omitted,environment,,"typing.Literal['local', 'test', 'dev', 'prod']",
,,,setting,value omitted,export_sync_row_limit,,<class 'int'>,
,,,setting,value omitted,jwt_audience,,<class 'str'>,
,,,setting,value omitted,jwt_issuer,,<class 'str'>,
,,,setting,never exported,jwt_secret,,<class 'str'>,
,,,setting,never exported,metrics_token,,str | None,
,,,setting,never exported,mysql_dsn,,<class 'str'>,
,,,setting,value omitted,notification_sse_auth_timeout_seconds,,<class 'float'>,
,,,setting,value omitted,notification_sse_heartbeat_seconds,,<class 'float'>,
,,,setting,value omitted,notification_sse_max_connections,,<class 'int'>,
,,,setting,value omitted,notification_sse_max_pending,,<class 'int'>,
,,,setting,value omitted,notification_sse_max_pending_per_ip,,<class 'int'>,
,,,setting,value omitted,notification_sse_max_per_user,,<class 'int'>,
,,,setting,value omitted,notification_sse_max_replay_events,,<class 'int'>,
,,,setting,value omitted,notification_sse_revalidate_seconds,,<class 'float'>,
,,,setting,value omitted,outbox_claim_timeout_seconds,,<class 'int'>,
,,,setting,value omitted,outbox_max_attempts,,<class 'int'>,
,,,setting,value omitted,outbox_retry_base_seconds,,<class 'int'>,
,,,setting,value omitted,outbox_task_timeout_seconds,,<class 'float'>,
,,,setting,value omitted,outbox_worker_concurrency,,<class 'int'>,
,,,setting,value omitted,qdrant_url,,<class 'str'>,
,,,setting,value omitted,rate_limit_default_capacity,,<class 'int'>,
,,,setting,value omitted,rate_limit_default_refill_per_second,,<class 'float'>,
,,,setting,value omitted,rate_limit_enabled,,<class 'bool'>,
,,,setting,value omitted,rate_limit_local_max_entries,,<class 'int'>,
,,,setting,value omitted,rate_limit_login_capacity,,<class 'int'>,
,,,setting,value omitted,rate_limit_login_ip_capacity,,<class 'int'>,
,,,setting,value omitted,rate_limit_login_ip_refill_per_second,,<class 'float'>,
,,,setting,value omitted,rate_limit_login_refill_per_second,,<class 'float'>,
,,,setting,value omitted,rate_limit_redis_timeout_seconds,,<class 'float'>,
,,,setting,value omitted,rate_limit_register_ip_capacity,,<class 'int'>,
,,,setting,value omitted,rate_limit_register_ip_refill_per_second,,<class 'float'>,
,,,setting,value omitted,rate_limit_register_username_capacity,,<class 'int'>,
,,,setting,value omitted,rate_limit_register_username_refill_per_second,,<class 'float'>,
,,,setting,value omitted,rate_limit_repair_capacity,,<class 'int'>,
,,,setting,value omitted,rate_limit_repair_refill_per_second,,<class 'float'>,
,,,setting,value omitted,rate_limit_reservation_capacity,,<class 'int'>,
,,,setting,value omitted,rate_limit_reservation_refill_per_second,,<class 'float'>,
,,,setting,value omitted,rate_limit_upload_capacity,,<class 'int'>,
,,,setting,value omitted,rate_limit_upload_refill_per_second,,<class 'float'>,
,,,setting,value omitted,recommend_cache_ttl_seconds,,<class 'int'>,
,,,setting,value omitted,redis_circuit_failure_threshold,,<class 'int'>,
,,,setting,value omitted,redis_circuit_recovery_seconds,,<class 'float'>,
,,,setting,value omitted,redis_socket_timeout_seconds,,<class 'float'>,
,,,setting,value omitted,redis_url,,<class 'str'>,
,,,setting,value omitted,refresh_cookie_name,,<class 'str'>,
,,,setting,never exported,refresh_token_days,,<class 'int'>,
,,,setting,value omitted,repair_sla_days,,"dict[str, int]",
,,,setting,value omitted,repair_user_confirmation_days,,<class 'int'>,
,,,setting,value omitted,request_health_capacity,,<class 'int'>,
,,,setting,value omitted,request_queue_capacity,,<class 'int'>,
,,,setting,value omitted,reservation_advance_days,,<class 'int'>,
,,,setting,value omitted,reservation_lock_poll_seconds,,<class 'float'>,
,,,setting,value omitted,reservation_lock_ttl_seconds,,<class 'int'>,
,,,setting,value omitted,reservation_lock_wait_seconds,,<class 'float'>,
,,,setting,value omitted,reservation_manager_advance_days,,<class 'int'>,
,,,setting,value omitted,reservation_max_days,,<class 'int'>,
,,,setting,value omitted,trusted_proxy_ips,,list[str],
,,,setting,value omitted,upload_cleanup_interval_seconds,,<class 'int'>,
,,,setting,value omitted,upload_college_quota_bytes,,<class 'int'>,
,,,setting,value omitted,upload_dir,,<class 'str'>,
,,,setting,value omitted,upload_max_bytes,,<class 'int'>,
,,,setting,value omitted,upload_orphan_retention_hours,,<class 'int'>,
,,,setting,value omitted,upload_total_quota_bytes,,<class 'int'>,
,,,setting,value omitted,upload_user_quota_bytes,,<class 'int'>,
