cohort_rows,depth,repetition,page,rows_returned,latency_ms,http_status
1000,shallow,1,1,24,100.92,200
1000,shallow,2,2,24,57.43,200
1000,shallow,3,3,24,34.29,200
1000,deep,1,39,24,70.24,200
1000,deep,2,40,24,100.41,200
1000,deep,3,41,24,83.38,200
10000,shallow,1,1,24,43.66,200
10000,shallow,2,2,24,35.54,200
10000,shallow,3,3,24,46.28,200
10000,deep,1,414,24,40.34,200
10000,deep,2,415,24,38.47,200
10000,deep,3,416,24,44.97,200
100000,shallow,1,1,24,131.62,200
100000,shallow,2,2,24,117.47,200
100000,shallow,3,3,24,131.53,200
100000,deep,1,4164,24,241.37,200
100000,deep,2,4165,24,211.0,200
100000,deep,3,4166,24,193.77,200
