method,path,tag,operation,request_schema,responses,authentication,tenant_scope_evidence,csrf,dependencies
GET,/api/v2/ai/citations/business/{citation_id},ai,get_business_citation_api_v2_ai_citations_business__citation_id__get,{},"200,422",cookie session required,review service/query path,not required by method,enforce_csrf
GET,/api/v2/ai/citations/knowledge/{point_id},ai,get_knowledge_citation_api_v2_ai_citations_knowledge__point_id__get,{},"200,422",cookie session required,review service/query path,not required by method,enforce_csrf
GET,/api/v2/ai/config,ai,get_ai_config_api_v2_ai_config_get,{},200,cookie session required,review service/query path,not required by method,enforce_csrf
GET,/api/v2/ai/config/components,ai,list_ai_configs_api_v2_ai_config_components_get,{},200,cookie session required,review service/query path,not required by method,enforce_csrf
POST,/api/v2/ai/config/{component}/test,ai,test_ai_config_api_v2_ai_config__component__test_post,{},"200,422",cookie session required,review service/query path,trusted Origin + double-submit CSRF,enforce_csrf
POST,/api/v2/ai/confirmations/{confirmation_id}/cancel,ai,cancel_ai_action_api_v2_ai_confirmations__confirmation_id__cancel_post,{},"200,422",cookie session required,review service/query path,trusted Origin + double-submit CSRF,enforce_csrf
POST,/api/v2/ai/confirmations/{confirmation_id}/confirm,ai,confirm_ai_action_api_v2_ai_confirmations__confirmation_id__confirm_post,{},"200,422",cookie session required,review service/query path,trusted Origin + double-submit CSRF,enforce_csrf
GET,/api/v2/ai/conversations,ai,list_conversations_api_v2_ai_conversations_get,{},"200,422",cookie session required,review service/query path,not required by method,enforce_csrf
POST,/api/v2/ai/conversations,ai,create_conversation_api_v2_ai_conversations_post,ConversationCreateRequest,"201,422",cookie session required,review service/query path,trusted Origin + double-submit CSRF,enforce_csrf
DELETE,/api/v2/ai/conversations/{conversation_id},ai,delete_conversation_api_v2_ai_conversations__conversation_id__delete,{},"200,422",cookie session required,review service/query path,trusted Origin + double-submit CSRF,enforce_csrf
GET,/api/v2/ai/conversations/{conversation_id}/active-run,ai,get_active_conversation_run_api_v2_ai_conversations__conversation_id__active_run_get,{},"200,422",cookie session required,review service/query path,not required by method,enforce_csrf
GET,/api/v2/ai/conversations/{conversation_id}/messages,ai,list_messages_api_v2_ai_conversations__conversation_id__messages_get,{},"200,422",cookie session required,review service/query path,not required by method,enforce_csrf
POST,/api/v2/ai/conversations/{conversation_id}/stream,ai,stream_message_api_v2_ai_conversations__conversation_id__stream_post,ChatRequest,"200,422",cookie session required,review service/query path,trusted Origin + double-submit CSRF,enforce_csrf
GET,/api/v2/ai/domain-terms,ai,list_ai_domain_terms_api_v2_ai_domain_terms_get,{},"200,422",cookie session required,review service/query path,not required by method,enforce_csrf
POST,/api/v2/ai/domain-terms,ai,create_ai_domain_term_api_v2_ai_domain_terms_post,AiDomainTermCreateRequest,"201,422",cookie session required,review service/query path,trusted Origin + double-submit CSRF,enforce_csrf
DELETE,/api/v2/ai/domain-terms/{term_id},ai,delete_ai_domain_term_api_v2_ai_domain_terms__term_id__delete,{},"200,422",cookie session required,review service/query path,trusted Origin + double-submit CSRF,enforce_csrf
POST,/api/v2/ai/embedding/rebuild,ai,create_embedding_rebuild_api_v2_ai_embedding_rebuild_post,AiEmbeddingRebuildRequest,"202,422",cookie session required,review service/query path,trusted Origin + double-submit CSRF,enforce_csrf
GET,/api/v2/ai/embedding/rebuild/latest,ai,latest_embedding_rebuild_api_v2_ai_embedding_rebuild_latest_get,{},200,cookie session required,review service/query path,not required by method,enforce_csrf
POST,/api/v2/ai/embedding/rebuild/{job_id}/rollback,ai,rollback_embedding_rebuild_api_v2_ai_embedding_rebuild__job_id__rollback_post,{},"200,422",cookie session required,review service/query path,trusted Origin + double-submit CSRF,enforce_csrf
GET,/api/v2/ai/knowledge,ai,list_knowledge_api_v2_ai_knowledge_get,{},200,cookie session required,review service/query path,not required by method,enforce_csrf
POST,/api/v2/ai/knowledge,ai,create_knowledge_document_api_v2_ai_knowledge_post,KnowledgeCreateRequest,"201,422",cookie session required,review service/query path,trusted Origin + double-submit CSRF,enforce_csrf
GET,/api/v2/ai/knowledge/scope-roles,ai,list_knowledge_scope_roles_api_v2_ai_knowledge_scope_roles_get,{},200,cookie session required,review service/query path,not required by method,enforce_csrf
POST,/api/v2/ai/knowledge/upload,ai,upload_knowledge_document_api_v2_ai_knowledge_upload_post,Body_upload_knowledge_document_api_v2_ai_knowledge_upload_post,"202,422",cookie session required,review service/query path,trusted Origin + double-submit CSRF,enforce_csrf
DELETE,/api/v2/ai/knowledge/{document_id},ai,delete_knowledge_document_api_v2_ai_knowledge__document_id__delete,{},"200,422",cookie session required,review service/query path,trusted Origin + double-submit CSRF,enforce_csrf
GET,/api/v2/ai/knowledge/{document_id},ai,get_knowledge_document_api_v2_ai_knowledge__document_id__get,{},"200,422",cookie session required,review service/query path,not required by method,enforce_csrf
GET,/api/v2/ai/knowledge/{document_id}/build-jobs/{job_id},ai,get_knowledge_build_job_api_v2_ai_knowledge__document_id__build_jobs__job_id__get,{},"200,422",cookie session required,review service/query path,not required by method,enforce_csrf
POST,/api/v2/ai/knowledge/{document_id}/build-jobs/{job_id}/retry,ai,retry_failed_knowledge_build_job_api_v2_ai_knowledge__document_id__build_jobs__job_id__retry_post,{},"202,422",cookie session required,review service/query path,trusted Origin + double-submit CSRF,enforce_csrf
POST,/api/v2/ai/knowledge/{document_id}/build-jobs/{job_id}/skip,ai,skip_failed_knowledge_build_api_v2_ai_knowledge__document_id__build_jobs__job_id__skip_post,KnowledgeBuildSkipRequest,"200,422",cookie session required,review service/query path,trusted Origin + double-submit CSRF,enforce_csrf
GET,/api/v2/ai/knowledge/{document_id}/chunks/preview,ai,preview_knowledge_chunks_api_v2_ai_knowledge__document_id__chunks_preview_get,{},"200,422",cookie session required,review service/query path,not required by method,enforce_csrf
POST,/api/v2/ai/knowledge/{document_id}/parse,ai,parse_knowledge_document_api_v2_ai_knowledge__document_id__parse_post,{},"202,422",cookie session required,review service/query path,trusted Origin + double-submit CSRF,enforce_csrf
POST,/api/v2/ai/knowledge/{document_id}/publish,ai,publish_knowledge_document_api_v2_ai_knowledge__document_id__publish_post,{},"200,422",cookie session required,review service/query path,trusted Origin + double-submit CSRF,enforce_csrf
PUT,/api/v2/ai/knowledge/{document_id}/review,ai,review_knowledge_document_api_v2_ai_knowledge__document_id__review_put,KnowledgeReviewRequest,"200,422",cookie session required,review service/query path,trusted Origin + double-submit CSRF,enforce_csrf
POST,/api/v2/ai/memories/{memory_id}/confirm,ai,confirm_ai_memory_api_v2_ai_memories__memory_id__confirm_post,{},"200,422",cookie session required,review service/query path,trusted Origin + double-submit CSRF,enforce_csrf
POST,/api/v2/ai/memories/{memory_id}/reject,ai,reject_ai_memory_api_v2_ai_memories__memory_id__reject_post,{},"200,422",cookie session required,review service/query path,trusted Origin + double-submit CSRF,enforce_csrf
GET,/api/v2/ai/runs/{run_id}/events,ai,resume_ai_run_api_v2_ai_runs__run_id__events_get,{},"200,422",cookie session required,review service/query path,not required by method,enforce_csrf
POST,/api/v2/ai/runs/{run_id}/stop,ai,stop_ai_run_api_v2_ai_runs__run_id__stop_post,{},"200,422",cookie session required,review service/query path,trusted Origin + double-submit CSRF,enforce_csrf
GET,/api/v2/ai/status,ai,get_ai_status_api_v2_ai_status_get,{},200,cookie session required,review service/query path,not required by method,enforce_csrf
GET,/api/v2/ai/usage,ai,get_ai_usage_api_v2_ai_usage_get,{},200,cookie session required,review service/query path,not required by method,enforce_csrf
POST,/api/v2/approvals/batch-approve,reservations,batch_approve_api_v2_approvals_batch_approve_post,BatchApprovalRequest,"200,422",cookie session required,review service/query path,trusted Origin + double-submit CSRF,enforce_csrf
GET,/api/v2/approvals/pending,reservations,pending_approvals_api_v2_approvals_pending_get,{},"200,422",cookie session required,review service/query path,not required by method,enforce_csrf
POST,/api/v2/approvals/{reservation_id}/approve,reservations,approve_reservation_api_v2_approvals__reservation_id__approve_post,"{""anyOf"": [{""$ref"": ""#/components/schemas/ApprovalRequest""}, {""type"": ""null""}], ""title"": ""Payload""}","200,422",cookie session required,review service/query path,trusted Origin + double-submit CSRF,enforce_csrf
POST,/api/v2/approvals/{reservation_id}/reject,reservations,reject_reservation_api_v2_approvals__reservation_id__reject_post,ApprovalRequest,"200,422",cookie session required,review service/query path,trusted Origin + double-submit CSRF,enforce_csrf
GET,/api/v2/auth/colleges,auth,public_colleges_api_v2_auth_colleges_get,{},200,public/session bootstrap,review service/query path,not required by method,enforce_csrf
GET,/api/v2/auth/csrf,auth,get_csrf_token_api_v2_auth_csrf_get,{},200,public/session bootstrap,review service/query path,not required by method,enforce_csrf
POST,/api/v2/auth/login,auth,login_api_v2_auth_login_post,LoginRequest,"200,422",public/session bootstrap,review service/query path,trusted Origin + double-submit CSRF,enforce_csrf
POST,/api/v2/auth/logout,auth,logout_api_v2_auth_logout_post,{},200,cookie session required,review service/query path,trusted Origin + double-submit CSRF,enforce_csrf
GET,/api/v2/auth/me,auth,me_api_v2_auth_me_get,{},200,cookie session required,review service/query path,not required by method,enforce_csrf
POST,/api/v2/auth/refresh,auth,refresh_api_v2_auth_refresh_post,{},200,cookie session required,review service/query path,trusted Origin + double-submit CSRF,enforce_csrf
POST,/api/v2/auth/register,auth,register_api_v2_auth_register_post,RegisterRequest,"201,422",public/session bootstrap,review service/query path,trusted Origin + double-submit CSRF,enforce_csrf
GET,/api/v2/blackouts,scheduling,list_blackouts_api_v2_blackouts_get,{},"200,422",cookie session required,review service/query path,not required by method,enforce_csrf
POST,/api/v2/blackouts,scheduling,create_blackout_api_v2_blackouts_post,BlackoutCreateRequest,"201,422",cookie session required,review service/query path,trusted Origin + double-submit CSRF,enforce_csrf
DELETE,/api/v2/blackouts/{blackout_id},scheduling,delete_blackout_api_v2_blackouts__blackout_id__delete,{},"200,422",cookie session required,review service/query path,trusted Origin + double-submit CSRF,enforce_csrf
GET,/api/v2/colleges,catalog,list_colleges_api_v2_colleges_get,{},200,cookie session required,review service/query path,not required by method,enforce_csrf
POST,/api/v2/colleges,catalog,create_college_api_v2_colleges_post,CollegeWriteRequest,"201,422",cookie session required,review service/query path,trusted Origin + double-submit CSRF,enforce_csrf
PUT,/api/v2/colleges/{college_id},catalog,update_college_api_v2_colleges__college_id__put,CollegeWriteRequest,"200,422",cookie session required,review service/query path,trusted Origin + double-submit CSRF,enforce_csrf
GET,/api/v2/dashboard/me,dashboard,dashboard_me_api_v2_dashboard_me_get,{},200,cookie session required,review service/query path,not required by method,enforce_csrf
GET,/api/v2/dashboard/overview,dashboard,dashboard_overview_api_v2_dashboard_overview_get,{},"200,422",cookie session required,review service/query path,not required by method,enforce_csrf
GET,/api/v2/dashboard/summary,dashboard,dashboard_summary_api_v2_dashboard_summary_get,{},200,cookie session required,review service/query path,not required by method,enforce_csrf
GET,/api/v2/device-categories,catalog,category_tree_api_v2_device_categories_get,{},200,cookie session required,review service/query path,not required by method,enforce_csrf
GET,/api/v2/devices,devices,list_devices_api_v2_devices_get,{},"200,422",cookie session required,review service/query path,not required by method,enforce_csrf
POST,/api/v2/devices,devices,create_device_api_v2_devices_post,DeviceCreateRequest,"201,422",cookie session required,review service/query path,trusted Origin + double-submit CSRF,enforce_csrf
DELETE,/api/v2/devices/{device_id},devices,delete_device_api_v2_devices__device_id__delete,{},"200,422",cookie session required,review service/query path,trusted Origin + double-submit CSRF,enforce_csrf
GET,/api/v2/devices/{device_id},devices,get_device_api_v2_devices__device_id__get,{},"200,422",cookie session required,review service/query path,not required by method,enforce_csrf
PUT,/api/v2/devices/{device_id},devices,update_device_api_v2_devices__device_id__put,DeviceUpdateRequest,"200,422",cookie session required,review service/query path,trusted Origin + double-submit CSRF,enforce_csrf
GET,/api/v2/devices/{device_id}/access,device-access,device_access_api_v2_devices__device_id__access_get,{},"200,422",cookie session required,review service/query path,not required by method,enforce_csrf
GET,/api/v2/devices/{device_id}/availability,devices,device_availability_api_v2_devices__device_id__availability_get,{},"200,422",cookie session required,review service/query path,not required by method,enforce_csrf
GET,/api/v2/devices/{device_id}/documents,device-documents,list_device_documents_api_v2_devices__device_id__documents_get,{},"200,422",cookie session required,review service/query path,not required by method,enforce_csrf
POST,/api/v2/devices/{device_id}/documents,device-documents,upload_device_document_api_v2_devices__device_id__documents_post,Body_upload_device_document_api_v2_devices__device_id__documents_post,"201,422",cookie session required,review service/query path,trusted Origin + double-submit CSRF,enforce_csrf
DELETE,/api/v2/devices/{device_id}/documents/{document_id},device-documents,archive_device_document_api_v2_devices__device_id__documents__document_id__delete,{},"200,422",cookie session required,review service/query path,trusted Origin + double-submit CSRF,enforce_csrf
POST,/api/v2/devices/{device_id}/maintenance-evidence,maintenance,upload_maintenance_evidence_api_v2_devices__device_id__maintenance_evidence_post,Body_upload_maintenance_evidence_api_v2_devices__device_id__maintenance_evidence_post,"201,422",cookie session required,review service/query path,trusted Origin + double-submit CSRF,enforce_csrf
POST,/api/v2/devices/{device_id}/maintenance-plans,maintenance,create_maintenance_plan_api_v2_devices__device_id__maintenance_plans_post,MaintenancePlanWrite,"201,422",cookie session required,review service/query path,trusted Origin + double-submit CSRF,enforce_csrf
POST,/api/v2/devices/{device_id}/qualification-uploads,device-access,upload_qualification_material_api_v2_devices__device_id__qualification_uploads_post,Body_upload_qualification_material_api_v2_devices__device_id__qualification_uploads_post,"201,422",cookie session required,review service/query path,trusted Origin + double-submit CSRF,enforce_csrf
GET,/api/v2/devices/{device_id}/qualifications,device-access,list_qualifications_api_v2_devices__device_id__qualifications_get,{},"200,422",cookie session required,review service/query path,not required by method,enforce_csrf
POST,/api/v2/devices/{device_id}/qualifications,device-access,submit_qualification_api_v2_devices__device_id__qualifications_post,QualificationSubmitRequest,"201,422",cookie session required,review service/query path,trusted Origin + double-submit CSRF,enforce_csrf
GET,/api/v2/devices/{device_id}/qualifications/mine,device-access,my_qualification_api_v2_devices__device_id__qualifications_mine_get,{},"200,422",cookie session required,review service/query path,not required by method,enforce_csrf
PATCH,/api/v2/devices/{device_id}/qualifications/{qualification_id},device-access,review_qualification_api_v2_devices__device_id__qualifications__qualification_id__patch,QualificationReviewRequest,"200,422",cookie session required,review service/query path,trusted Origin + double-submit CSRF,enforce_csrf
POST,/api/v2/devices/{device_id}/safety-ack,device-access,acknowledge_safety_api_v2_devices__device_id__safety_ack_post,SafetyAcknowledgementRequest,"200,422",cookie session required,review service/query path,trusted Origin + double-submit CSRF,enforce_csrf
GET,/api/v2/devices/{device_id}/safety-documents,device-access,safety_documents_api_v2_devices__device_id__safety_documents_get,{},"200,422",cookie session required,review service/query path,not required by method,enforce_csrf
PATCH,/api/v2/devices/{device_id}/status,devices,update_device_status_api_v2_devices__device_id__status_patch,DeviceStatusRequest,"200,422",cookie session required,review service/query path,trusted Origin + double-submit CSRF,enforce_csrf
GET,/api/v2/labs,catalog,list_labs_api_v2_labs_get,{},"200,422",cookie session required,review service/query path,not required by method,enforce_csrf
POST,/api/v2/labs,catalog,create_lab_api_v2_labs_post,LabWriteRequest,"201,422",cookie session required,review service/query path,trusted Origin + double-submit CSRF,enforce_csrf
PUT,/api/v2/labs/{lab_id},catalog,update_lab_api_v2_labs__lab_id__put,LabWriteRequest,"200,422",cookie session required,review service/query path,trusted Origin + double-submit CSRF,enforce_csrf
GET,/api/v2/live,system,live_api_v2_live_get,{},200,public/session bootstrap,review service/query path,not required by method,enforce_csrf
GET,/api/v2/maintenance-devices,maintenance,list_maintenance_devices_api_v2_maintenance_devices_get,{},"200,422",cookie session required,review service/query path,not required by method,enforce_csrf
GET,/api/v2/maintenance-plans,maintenance,list_maintenance_plans_api_v2_maintenance_plans_get,{},"200,422",cookie session required,review service/query path,not required by method,enforce_csrf
PUT,/api/v2/maintenance-plans/{plan_id},maintenance,update_maintenance_plan_api_v2_maintenance_plans__plan_id__put,MaintenancePlanWrite,"200,422",cookie session required,review service/query path,trusted Origin + double-submit CSRF,enforce_csrf
GET,/api/v2/maintenance-plans/{plan_id}/records,maintenance,list_maintenance_records_api_v2_maintenance_plans__plan_id__records_get,{},"200,422",cookie session required,review service/query path,not required by method,enforce_csrf
POST,/api/v2/maintenance-plans/{plan_id}/records,maintenance,complete_maintenance_cycle_api_v2_maintenance_plans__plan_id__records_post,MaintenanceRecordCreate,"201,422",cookie session required,review service/query path,trusted Origin + double-submit CSRF,enforce_csrf
GET,/api/v2/notifications/mine,notifications,my_notifications_api_v2_notifications_mine_get,{},"200,422",cookie session required,review service/query path,not required by method,enforce_csrf
PATCH,/api/v2/notifications/read-all,notifications,mark_all_read_api_v2_notifications_read_all_patch,{},200,cookie session required,review service/query path,trusted Origin + double-submit CSRF,enforce_csrf
GET,/api/v2/notifications/stream,notifications,notification_stream_api_v2_notifications_stream_get,{},200,cookie session required,review service/query path,not required by method,enforce_csrf
PATCH,/api/v2/notifications/{notification_id}/read,notifications,mark_read_api_v2_notifications__notification_id__read_patch,{},"200,422",cookie session required,review service/query path,trusted Origin + double-submit CSRF,enforce_csrf
GET,/api/v2/organization/managers,catalog,list_managers_api_v2_organization_managers_get,{},"200,422",cookie session required,review service/query path,not required by method,enforce_csrf
GET,/api/v2/rbac/permissions,rbac,list_permissions_api_v2_rbac_permissions_get,{},200,cookie session required,review service/query path,not required by method,enforce_csrf
GET,/api/v2/rbac/roles,rbac,list_roles_api_v2_rbac_roles_get,{},200,cookie session required,review service/query path,not required by method,enforce_csrf
POST,/api/v2/rbac/roles,rbac,create_role_api_v2_rbac_roles_post,RoleCreate,"201,422",cookie session required,review service/query path,trusted Origin + double-submit CSRF,enforce_csrf
DELETE,/api/v2/rbac/roles/{role_id},rbac,delete_role_api_v2_rbac_roles__role_id__delete,{},"200,422",cookie session required,review service/query path,trusted Origin + double-submit CSRF,enforce_csrf
PATCH,/api/v2/rbac/roles/{role_id},rbac,rename_role_api_v2_rbac_roles__role_id__patch,RoleRename,"200,422",cookie session required,review service/query path,trusted Origin + double-submit CSRF,enforce_csrf
PUT,/api/v2/rbac/roles/{role_id}/permissions,rbac,update_role_permissions_api_v2_rbac_roles__role_id__permissions_put,RolePermissionUpdate,"200,422",cookie session required,review service/query path,trusted Origin + double-submit CSRF,enforce_csrf
GET,/api/v2/ready,system,ready_api_v2_ready_get,{},200,public/session bootstrap,review service/query path,not required by method,enforce_csrf
GET,/api/v2/recommendations,recommendations,recommendations_api_v2_recommendations_get,{},"200,422",cookie session required,review service/query path,not required by method,enforce_csrf
GET,/api/v2/repair-reports,repairs,managed_repairs_api_v2_repair_reports_get,{},"200,422",cookie session required,review service/query path,not required by method,enforce_csrf
POST,/api/v2/repair-reports,repairs,create_repair_api_v2_repair_reports_post,RepairCreateRequest,"201,422",cookie session required,review service/query path,trusted Origin + double-submit CSRF,enforce_csrf
GET,/api/v2/repair-reports/mine,repairs,my_repairs_api_v2_repair_reports_mine_get,{},"200,422",cookie session required,review service/query path,not required by method,enforce_csrf
POST,/api/v2/repair-reports/{report_id}/confirm,repairs,confirm_repair_api_v2_repair_reports__report_id__confirm_post,RepairConfirmRequest,"200,422",cookie session required,review service/query path,trusted Origin + double-submit CSRF,enforce_csrf
POST,/api/v2/repair-reports/{report_id}/reject,repairs,reject_repair_api_v2_repair_reports__report_id__reject_post,RepairHandleRequest,"200,422",cookie session required,review service/query path,trusted Origin + double-submit CSRF,enforce_csrf
POST,/api/v2/repair-reports/{report_id}/resolve,repairs,resolve_repair_api_v2_repair_reports__report_id__resolve_post,RepairHandleRequest,"200,422",cookie session required,review service/query path,trusted Origin + double-submit CSRF,enforce_csrf
POST,/api/v2/repair-reports/{report_id}/take,repairs,take_repair_api_v2_repair_reports__report_id__take_post,{},"200,422",cookie session required,review service/query path,trusted Origin + double-submit CSRF,enforce_csrf
GET,/api/v2/repair-reports/{report_id}/worklogs,repairs,repair_worklogs_api_v2_repair_reports__report_id__worklogs_get,{},"200,422",cookie session required,review service/query path,not required by method,enforce_csrf
POST,/api/v2/repair-uploads,repairs,upload_repair_image_api_v2_repair_uploads_post,Body_upload_repair_image_api_v2_repair_uploads_post,"201,422",cookie session required,review service/query path,trusted Origin + double-submit CSRF,enforce_csrf
GET,/api/v2/reports/export/{export_type},reports,direct_export_api_v2_reports_export__export_type__get,{},"200,422",cookie session required,review service/query path,not required by method,enforce_csrf
POST,/api/v2/reports/exports,reports,create_export_api_v2_reports_exports_post,ExportCreateRequest,"202,422",cookie session required,review service/query path,trusted Origin + double-submit CSRF,enforce_csrf
GET,/api/v2/reports/exports/{task_id},reports,export_status_api_v2_reports_exports__task_id__get,{},"200,422",cookie session required,review service/query path,not required by method,enforce_csrf
GET,/api/v2/reports/summary,reports,report_summary_api_v2_reports_summary_get,{},"200,422",cookie session required,review service/query path,not required by method,enforce_csrf
GET,/api/v2/reservation-rules,reservation-rules,list_reservation_rules_api_v2_reservation_rules_get,{},"200,422",cookie session required,review service/query path,not required by method,enforce_csrf
PUT,/api/v2/reservation-rules,reservation-rules,upsert_reservation_rule_api_v2_reservation_rules_put,ReservationRuleWrite,"200,422",cookie session required,review service/query path,trusted Origin + double-submit CSRF,enforce_csrf
DELETE,/api/v2/reservation-rules/{rule_id},reservation-rules,delete_reservation_rule_api_v2_reservation_rules__rule_id__delete,{},"200,422",cookie session required,review service/query path,trusted Origin + double-submit CSRF,enforce_csrf
POST,/api/v2/reservations,reservations,create_reservation_api_v2_reservations_post,ReservationPlanRequest,"201,422",cookie session required,review service/query path,trusted Origin + double-submit CSRF,enforce_csrf
GET,/api/v2/reservations/handovers,reservations,pending_handovers_api_v2_reservations_handovers_get,{},"200,422",cookie session required,review service/query path,not required by method,enforce_csrf
GET,/api/v2/reservations/mine,reservations,my_reservations_api_v2_reservations_mine_get,{},"200,422",cookie session required,review service/query path,not required by method,enforce_csrf
POST,/api/v2/reservations/preflight,reservations,preflight_api_v2_reservations_preflight_post,ReservationPlanRequest,"200,422",cookie session required,review service/query path,trusted Origin + double-submit CSRF,enforce_csrf
POST,/api/v2/reservations/waitlist,reservations,join_waitlist_api_v2_reservations_waitlist_post,WaitlistCreateRequest,"201,422",cookie session required,review service/query path,trusted Origin + double-submit CSRF,enforce_csrf
GET,/api/v2/reservations/waitlist/mine,reservations,my_waitlist_api_v2_reservations_waitlist_mine_get,{},200,cookie session required,review service/query path,not required by method,enforce_csrf
DELETE,/api/v2/reservations/waitlist/{entry_id},reservations,cancel_waitlist_api_v2_reservations_waitlist__entry_id__delete,{},"200,422",cookie session required,review service/query path,trusted Origin + double-submit CSRF,enforce_csrf
POST,/api/v2/reservations/waitlist/{entry_id}/confirm,reservations,confirm_waitlist_offer_api_v2_reservations_waitlist__entry_id__confirm_post,{},"200,422",cookie session required,review service/query path,trusted Origin + double-submit CSRF,enforce_csrf
GET,/api/v2/reservations/{reservation_id},reservations,reservation_detail_api_v2_reservations__reservation_id__get,{},"200,422",cookie session required,review service/query path,not required by method,enforce_csrf
POST,/api/v2/reservations/{reservation_id}/accept-return,reservations,accept_return_api_v2_reservations__reservation_id__accept_return_post,ReturnAcceptanceRequest,"200,422",cookie session required,review service/query path,trusted Origin + double-submit CSRF,enforce_csrf
POST,/api/v2/reservations/{reservation_id}/cancel,reservations,cancel_reservation_api_v2_reservations__reservation_id__cancel_post,{},"200,422",cookie session required,review service/query path,trusted Origin + double-submit CSRF,enforce_csrf
POST,/api/v2/reservations/{reservation_id}/cancel-handover-exception,reservations,cancel_handover_exception_api_v2_reservations__reservation_id__cancel_handover_exception_post,ApprovalRequest,"200,422",cookie session required,review service/query path,trusted Origin + double-submit CSRF,enforce_csrf
POST,/api/v2/reservations/{reservation_id}/check-in,reservations,check_in_api_v2_reservations__reservation_id__check_in_post,{},"200,422",cookie session required,review service/query path,trusted Origin + double-submit CSRF,enforce_csrf
GET,/api/v2/reservations/{reservation_id}/feedback,feedback,get_feedback_api_v2_reservations__reservation_id__feedback_get,{},"200,422",cookie session required,review service/query path,not required by method,enforce_csrf
POST,/api/v2/reservations/{reservation_id}/feedback,feedback,create_feedback_api_v2_reservations__reservation_id__feedback_post,FeedbackCreateRequest,"201,422",cookie session required,review service/query path,trusted Origin + double-submit CSRF,enforce_csrf
POST,/api/v2/reservations/{reservation_id}/handover,reservations,handover_reservation_api_v2_reservations__reservation_id__handover_post,HandoverRequest,"200,422",cookie session required,review service/query path,trusted Origin + double-submit CSRF,enforce_csrf
POST,/api/v2/reservations/{reservation_id}/return,reservations,return_device_api_v2_reservations__reservation_id__return_post,ReturnInspectionRequest,"200,422",cookie session required,review service/query path,trusted Origin + double-submit CSRF,enforce_csrf
POST,/api/v2/reservations/{reservation_id}/violate,reservations,violate_reservation_api_v2_reservations__reservation_id__violate_post,ApprovalRequest,"200,422",cookie session required,review service/query path,trusted Origin + double-submit CSRF,enforce_csrf
GET,/api/v2/system/outbox/failed,system,failed_outbox_tasks_api_v2_system_outbox_failed_get,{},200,cookie session required,review service/query path,not required by method,enforce_csrf
POST,/api/v2/system/outbox/{task_id}/retry,system,retry_outbox_task_api_v2_system_outbox__task_id__retry_post,{},"200,422",cookie session required,review service/query path,trusted Origin + double-submit CSRF,enforce_csrf
GET,/api/v2/users,users,list_users_api_v2_users_get,{},"200,422",cookie session required,review service/query path,not required by method,enforce_csrf
POST,/api/v2/users,users,create_user_api_v2_users_post,UserRequest,"201,422",cookie session required,review service/query path,trusted Origin + double-submit CSRF,enforce_csrf
DELETE,/api/v2/users/{user_id},users,delete_user_api_v2_users__user_id__delete,{},"200,422",cookie session required,review service/query path,trusted Origin + double-submit CSRF,enforce_csrf
PUT,/api/v2/users/{user_id},users,update_user_api_v2_users__user_id__put,UserRequest,"200,422",cookie session required,review service/query path,trusted Origin + double-submit CSRF,enforce_csrf
PATCH,/api/v2/users/{user_id}/status,users,update_user_status_api_v2_users__user_id__status_patch,{},"200,422",cookie session required,review service/query path,trusted Origin + double-submit CSRF,enforce_csrf
