concurrency,repetition,requests,successful,failed,exceptions,status_counts,duration_seconds,throughput_rps,p50_ms,p95_ms,max_ms
5,1,100,100,0,0,{200: 100},1.533,65.25,47.45,264.5,438.88
5,2,100,100,0,0,{200: 100},0.913,109.48,43.28,69.63,79.16
5,3,100,100,0,0,{200: 100},0.992,100.76,48.49,77.87,88.45
10,1,100,100,0,0,{200: 100},0.866,115.44,82.62,123.46,139.51
10,2,100,100,0,0,{200: 100},0.923,108.35,85.72,129.39,146.83
10,3,100,67,33,0,"{200: 67, 429: 33}",0.713,140.31,64.59,116.78,130.85
25,1,100,43,57,0,"{200: 43, 429: 57}",0.617,162.0,154.05,205.95,225.79
25,2,100,44,56,0,"{200: 44, 429: 56}",0.68,147.02,161.19,240.28,287.34
25,3,100,43,57,0,"{200: 43, 429: 57}",0.696,143.72,171.53,248.59,295.21
50,1,100,44,56,0,"{200: 44, 429: 56}",0.684,146.24,287.5,448.73,593.23
50,2,100,45,55,0,"{200: 45, 429: 55}",0.965,103.64,333.33,846.14,931.1
50,3,100,44,56,0,"{200: 44, 429: 56}",0.921,108.54,285.87,777.65,869.68
100,1,200,91,109,0,"{200: 91, 429: 109}",2.132,93.79,667.43,1926.13,2127.46
100,2,200,89,111,0,"{200: 89, 429: 111}",1.772,112.84,666.23,1479.54,1688.49
100,3,200,90,110,0,"{200: 90, 429: 110}",2.018,99.11,729.86,1789.2,1985.16
